dlpf,tag,rate_hz,sensor_id,axis,std_dev,n_samples,source_file
1,GEN_S123_default,100.0,1,ax,0.026566616605758677,1500,C:\Projects\sense-pi-local-recording-live-main\param_sweep_data\dlpf1\GEN_S123_default\100Hz\mpu_S1_2025-11-29_01-35-02.csv
1,GEN_S123_default,100.0,1,ay,0.024282695289084333,1500,C:\Projects\sense-pi-local-recording-live-main\param_sweep_data\dlpf1\GEN_S123_default\100Hz\mpu_S1_2025-11-29_01-35-02.csv
1,GEN_S123_default,100.0,1,gz,0.032738540435464994,1500,C:\Projects\sense-pi-local-recording-live-main\param_sweep_data\dlpf1\GEN_S123_default\100Hz\mpu_S1_2025-11-29_01-35-02.csv
1,GEN_S123_default,100.0,2,ax,0.029954810790665178,1500,C:\Projects\sense-pi-local-recording-live-main\param_sweep_data\dlpf1\GEN_S123_default\100Hz\mpu_S2_2025-11-29_01-35-02.csv
1,GEN_S123_default,100.0,2,ay,0.026550074673898538,1500,C:\Projects\sense-pi-local-recording-live-main\param_sweep_data\dlpf1\GEN_S123_default\100Hz\mpu_S2_2025-11-29_01-35-02.csv
1,GEN_S123_default,100.0,2,gz,0.0399224698119539,1500,C:\Projects\sense-pi-local-recording-live-main\param_sweep_data\dlpf1\GEN_S123_default\100Hz\mpu_S2_2025-11-29_01-35-02.csv
1,GEN_S123_default,100.0,3,ax,0.024181180252329796,1500,C:\Projects\sense-pi-local-recording-live-main\param_sweep_data\dlpf1\GEN_S123_default\100Hz\mpu_S3_2025-11-29_01-35-02.csv
1,GEN_S123_default,100.0,3,ay,0.02485900622252818,1500,C:\Projects\sense-pi-local-recording-live-main\param_sweep_data\dlpf1\GEN_S123_default\100Hz\mpu_S3_2025-11-29_01-35-02.csv
1,GEN_S123_default,100.0,3,gz,0.06168194506663645,1500,C:\Projects\sense-pi-local-recording-live-main\param_sweep_data\dlpf1\GEN_S123_default\100Hz\mpu_S3_2025-11-29_01-35-02.csv
1,GEN_S123_default,120.0,1,ax,0.025891447657916837,1800,C:\Projects\sense-pi-local-recording-live-main\param_sweep_data\dlpf1\GEN_S123_default\120Hz\mpu_S1_2025-11-29_01-35-19.csv
1,GEN_S123_default,120.0,1,ay,0.024645410358686004,1800,C:\Projects\sense-pi-local-recording-live-main\param_sweep_data\dlpf1\GEN_S123_default\120Hz\mpu_S1_2025-11-29_01-35-19.csv
1,GEN_S123_default,120.0,1,gz,0.03670955607020523,1800,C:\Projects\sense-pi-local-recording-live-main\param_sweep_data\dlpf1\GEN_S123_default\120Hz\mpu_S1_2025-11-29_01-35-19.csv
1,GEN_S123_default,120.0,2,ax,0.030613424298751822,1800,C:\Projects\sense-pi-local-recording-live-main\param_sweep_data\dlpf1\GEN_S123_default\120Hz\mpu_S2_2025-11-29_01-35-19.csv
1,GEN_S123_default,120.0,2,ay,0.02625401421228322,1800,C:\Projects\sense-pi-local-recording-live-main\param_sweep_data\dlpf1\GEN_S123_default\120Hz\mpu_S2_2025-11-29_01-35-19.csv
1,GEN_S123_default,120.0,2,gz,0.04538081503962768,1800,C:\Projects\sense-pi-local-recording-live-main\param_sweep_data\dlpf1\GEN_S123_default\120Hz\mpu_S2_2025-11-29_01-35-19.csv
1,GEN_S123_default,120.0,3,ax,0.027008335714309793,1800,C:\Projects\sense-pi-local-recording-live-main\param_sweep_data\dlpf1\GEN_S123_default\120Hz\mpu_S3_2025-11-29_01-35-19.csv
1,GEN_S123_default,120.0,3,ay,0.024553139854677136,1800,C:\Projects\sense-pi-local-recording-live-main\param_sweep_data\dlpf1\GEN_S123_default\120Hz\mpu_S3_2025-11-29_01-35-19.csv
1,GEN_S123_default,120.0,3,gz,0.04179532304579124,1800,C:\Projects\sense-pi-local-recording-live-main\param_sweep_data\dlpf1\GEN_S123_default\120Hz\mpu_S3_2025-11-29_01-35-19.csv
1,GEN_S123_default,140.0,1,ax,0.025557184936228237,2082,C:\Projects\sense-pi-local-recording-live-main\param_sweep_data\dlpf1\GEN_S123_default\140Hz\mpu_S1_2025-11-29_01-35-36.csv
1,GEN_S123_default,140.0,1,ay,0.024442274009426328,2082,C:\Projects\sense-pi-local-recording-live-main\param_sweep_data\dlpf1\GEN_S123_default\140Hz\mpu_S1_2025-11-29_01-35-36.csv
1,GEN_S123_default,140.0,1,gz,0.03955239915699191,2082,C:\Projects\sense-pi-local-recording-live-main\param_sweep_data\dlpf1\GEN_S123_default\140Hz\mpu_S1_2025-11-29_01-35-36.csv
1,GEN_S123_default,140.0,2,ax,0.03045404012213102,2082,C:\Projects\sense-pi-local-recording-live-main\param_sweep_data\dlpf1\GEN_S123_default\140Hz\mpu_S2_2025-11-29_01-35-36.csv
1,GEN_S123_default,140.0,2,ay,0.026289471547450732,2082,C:\Projects\sense-pi-local-recording-live-main\param_sweep_data\dlpf1\GEN_S123_default\140Hz\mpu_S2_2025-11-29_01-35-36.csv
1,GEN_S123_default,140.0,2,gz,0.05148239298033885,2082,C:\Projects\sense-pi-local-recording-live-main\param_sweep_data\dlpf1\GEN_S123_default\140Hz\mpu_S2_2025-11-29_01-35-36.csv
1,GEN_S123_default,140.0,3,ax,0.026131586879542423,2082,C:\Projects\sense-pi-local-recording-live-main\param_sweep_data\dlpf1\GEN_S123_default\140Hz\mpu_S3_2025-11-29_01-35-36.csv
1,GEN_S123_default,140.0,3,ay,0.024738754890016548,2082,C:\Projects\sense-pi-local-recording-live-main\param_sweep_data\dlpf1\GEN_S123_default\140Hz\mpu_S3_2025-11-29_01-35-36.csv
1,GEN_S123_default,140.0,3,gz,0.04364025802663185,2082,C:\Projects\sense-pi-local-recording-live-main\param_sweep_data\dlpf1\GEN_S123_default\140Hz\mpu_S3_2025-11-29_01-35-36.csv
1,GEN_S123_default,160.0,1,ax,0.026150144515512747,2155,C:\Projects\sense-pi-local-recording-live-main\param_sweep_data\dlpf1\GEN_S123_default\160Hz\mpu_S1_2025-11-29_01-35-53.csv
1,GEN_S123_default,160.0,1,ay,0.025035520228946485,2155,C:\Projects\sense-pi-local-recording-live-main\param_sweep_data\dlpf1\GEN_S123_default\160Hz\mpu_S1_2025-11-29_01-35-53.csv
1,GEN_S123_default,160.0,1,gz,0.04070493503761524,2155,C:\Projects\sense-pi-local-recording-live-main\param_sweep_data\dlpf1\GEN_S123_default\160Hz\mpu_S1_2025-11-29_01-35-53.csv
1,GEN_S123_default,160.0,2,ax,0.03237152347653251,2155,C:\Projects\sense-pi-local-recording-live-main\param_sweep_data\dlpf1\GEN_S123_default\160Hz\mpu_S2_2025-11-29_01-35-53.csv
1,GEN_S123_default,160.0,2,ay,0.026967800210997896,2155,C:\Projects\sense-pi-local-recording-live-main\param_sweep_data\dlpf1\GEN_S123_default\160Hz\mpu_S2_2025-11-29_01-35-53.csv
1,GEN_S123_default,160.0,2,gz,0.05436571608162652,2155,C:\Projects\sense-pi-local-recording-live-main\param_sweep_data\dlpf1\GEN_S123_default\160Hz\mpu_S2_2025-11-29_01-35-53.csv
1,GEN_S123_default,160.0,3,ax,0.02669583088977645,2155,C:\Projects\sense-pi-local-recording-live-main\param_sweep_data\dlpf1\GEN_S123_default\160Hz\mpu_S3_2025-11-29_01-35-53.csv
1,GEN_S123_default,160.0,3,ay,0.024973862289114673,2155,C:\Projects\sense-pi-local-recording-live-main\param_sweep_data\dlpf1\GEN_S123_default\160Hz\mpu_S3_2025-11-29_01-35-53.csv
1,GEN_S123_default,160.0,3,gz,0.04737648082888997,2155,C:\Projects\sense-pi-local-recording-live-main\param_sweep_data\dlpf1\GEN_S123_default\160Hz\mpu_S3_2025-11-29_01-35-53.csv
1,GEN_S123_default,180.0,1,ax,0.0271172159446282,2191,C:\Projects\sense-pi-local-recording-live-main\param_sweep_data\dlpf1\GEN_S123_default\180Hz\mpu_S1_2025-11-29_01-36-09.csv
1,GEN_S123_default,180.0,1,ay,0.023960067512879955,2191,C:\Projects\sense-pi-local-recording-live-main\param_sweep_data\dlpf1\GEN_S123_default\180Hz\mpu_S1_2025-11-29_01-36-09.csv
1,GEN_S123_default,180.0,1,gz,0.04049846086542056,2191,C:\Projects\sense-pi-local-recording-live-main\param_sweep_data\dlpf1\GEN_S123_default\180Hz\mpu_S1_2025-11-29_01-36-09.csv
1,GEN_S123_default,180.0,2,ax,0.03113513408811257,2191,C:\Projects\sense-pi-local-recording-live-main\param_sweep_data\dlpf1\GEN_S123_default\180Hz\mpu_S2_2025-11-29_01-36-09.csv
1,GEN_S123_default,180.0,2,ay,0.026270509495212094,2191,C:\Projects\sense-pi-local-recording-live-main\param_sweep_data\dlpf1\GEN_S123_default\180Hz\mpu_S2_2025-11-29_01-36-09.csv
1,GEN_S123_default,180.0,2,gz,0.05372369858840657,2191,C:\Projects\sense-pi-local-recording-live-main\param_sweep_data\dlpf1\GEN_S123_default\180Hz\mpu_S2_2025-11-29_01-36-09.csv
1,GEN_S123_default,180.0,3,ax,0.025551877616921244,2191,C:\Projects\sense-pi-local-recording-live-main\param_sweep_data\dlpf1\GEN_S123_default\180Hz\mpu_S3_2025-11-29_01-36-09.csv
1,GEN_S123_default,180.0,3,ay,0.02532875009172161,2191,C:\Projects\sense-pi-local-recording-live-main\param_sweep_data\dlpf1\GEN_S123_default\180Hz\mpu_S3_2025-11-29_01-36-09.csv
1,GEN_S123_default,180.0,3,gz,0.046828031057787996,2191,C:\Projects\sense-pi-local-recording-live-main\param_sweep_data\dlpf1\GEN_S123_default\180Hz\mpu_S3_2025-11-29_01-36-09.csv
1,GEN_S123_default,200.0,1,ax,0.026078959430835384,2197,C:\Projects\sense-pi-local-recording-live-main\param_sweep_data\dlpf1\GEN_S123_default\200Hz\mpu_S1_2025-11-29_01-36-26.csv
1,GEN_S123_default,200.0,1,ay,0.0248722991254347,2197,C:\Projects\sense-pi-local-recording-live-main\param_sweep_data\dlpf1\GEN_S123_default\200Hz\mpu_S1_2025-11-29_01-36-26.csv
1,GEN_S123_default,200.0,1,gz,0.04380490354760582,2197,C:\Projects\sense-pi-local-recording-live-main\param_sweep_data\dlpf1\GEN_S123_default\200Hz\mpu_S1_2025-11-29_01-36-26.csv
1,GEN_S123_default,200.0,2,ax,0.030991674807734817,2197,C:\Projects\sense-pi-local-recording-live-main\param_sweep_data\dlpf1\GEN_S123_default\200Hz\mpu_S2_2025-11-29_01-36-26.csv
1,GEN_S123_default,200.0,2,ay,0.025348870854841683,2197,C:\Projects\sense-pi-local-recording-live-main\param_sweep_data\dlpf1\GEN_S123_default\200Hz\mpu_S2_2025-11-29_01-36-26.csv
1,GEN_S123_default,200.0,2,gz,0.05336658108581113,2197,C:\Projects\sense-pi-local-recording-live-main\param_sweep_data\dlpf1\GEN_S123_default\200Hz\mpu_S2_2025-11-29_01-36-26.csv
1,GEN_S123_default,200.0,3,ax,0.02572733022189229,2197,C:\Projects\sense-pi-local-recording-live-main\param_sweep_data\dlpf1\GEN_S123_default\200Hz\mpu_S3_2025-11-29_01-36-26.csv
1,GEN_S123_default,200.0,3,ay,0.024550712835799144,2197,C:\Projects\sense-pi-local-recording-live-main\param_sweep_data\dlpf1\GEN_S123_default\200Hz\mpu_S3_2025-11-29_01-36-26.csv
1,GEN_S123_default,200.0,3,gz,0.051379416732902826,2197,C:\Projects\sense-pi-local-recording-live-main\param_sweep_data\dlpf1\GEN_S123_default\200Hz\mpu_S3_2025-11-29_01-36-26.csv
1,GEN_S123_default,20.0,1,ax,0.027855564446953328,300,C:\Projects\sense-pi-local-recording-live-main\param_sweep_data\dlpf1\GEN_S123_default\20Hz\mpu_S1_2025-11-29_01-33-55.csv
1,GEN_S123_default,20.0,1,ay,0.025098348500889534,300,C:\Projects\sense-pi-local-recording-live-main\param_sweep_data\dlpf1\GEN_S123_default\20Hz\mpu_S1_2025-11-29_01-33-55.csv
1,GEN_S123_default,20.0,1,gz,0.02372490523928314,300,C:\Projects\sense-pi-local-recording-live-main\param_sweep_data\dlpf1\GEN_S123_default\20Hz\mpu_S1_2025-11-29_01-33-55.csv
1,GEN_S123_default,20.0,2,ax,0.025305209611292293,300,C:\Projects\sense-pi-local-recording-live-main\param_sweep_data\dlpf1\GEN_S123_default\20Hz\mpu_S2_2025-11-29_01-33-55.csv
1,GEN_S123_default,20.0,2,ay,0.027698782927506882,300,C:\Projects\sense-pi-local-recording-live-main\param_sweep_data\dlpf1\GEN_S123_default\20Hz\mpu_S2_2025-11-29_01-33-55.csv
1,GEN_S123_default,20.0,2,gz,0.026954486460516437,300,C:\Projects\sense-pi-local-recording-live-main\param_sweep_data\dlpf1\GEN_S123_default\20Hz\mpu_S2_2025-11-29_01-33-55.csv
1,GEN_S123_default,20.0,3,ax,0.025921136729173736,300,C:\Projects\sense-pi-local-recording-live-main\param_sweep_data\dlpf1\GEN_S123_default\20Hz\mpu_S3_2025-11-29_01-33-55.csv
1,GEN_S123_default,20.0,3,ay,0.02448333519233579,300,C:\Projects\sense-pi-local-recording-live-main\param_sweep_data\dlpf1\GEN_S123_default\20Hz\mpu_S3_2025-11-29_01-33-55.csv
1,GEN_S123_default,20.0,3,gz,0.03523940835079398,300,C:\Projects\sense-pi-local-recording-live-main\param_sweep_data\dlpf1\GEN_S123_default\20Hz\mpu_S3_2025-11-29_01-33-55.csv
1,GEN_S123_default,40.0,1,ax,0.02716957025978574,600,C:\Projects\sense-pi-local-recording-live-main\param_sweep_data\dlpf1\GEN_S123_default\40Hz\mpu_S1_2025-11-29_01-34-12.csv
1,GEN_S123_default,40.0,1,ay,0.02403844284983455,600,C:\Projects\sense-pi-local-recording-live-main\param_sweep_data\dlpf1\GEN_S123_default\40Hz\mpu_S1_2025-11-29_01-34-12.csv
1,GEN_S123_default,40.0,1,gz,0.021706383562464536,600,C:\Projects\sense-pi-local-recording-live-main\param_sweep_data\dlpf1\GEN_S123_default\40Hz\mpu_S1_2025-11-29_01-34-12.csv
1,GEN_S123_default,40.0,2,ax,0.02793544004543246,600,C:\Projects\sense-pi-local-recording-live-main\param_sweep_data\dlpf1\GEN_S123_default\40Hz\mpu_S2_2025-11-29_01-34-12.csv
1,GEN_S123_default,40.0,2,ay,0.027071632704100068,600,C:\Projects\sense-pi-local-recording-live-main\param_sweep_data\dlpf1\GEN_S123_default\40Hz\mpu_S2_2025-11-29_01-34-12.csv
1,GEN_S123_default,40.0,2,gz,0.031824148230445284,600,C:\Projects\sense-pi-local-recording-live-main\param_sweep_data\dlpf1\GEN_S123_default\40Hz\mpu_S2_2025-11-29_01-34-12.csv
1,GEN_S123_default,40.0,3,ax,0.024321521521146108,600,C:\Projects\sense-pi-local-recording-live-main\param_sweep_data\dlpf1\GEN_S123_default\40Hz\mpu_S3_2025-11-29_01-34-12.csv
1,GEN_S123_default,40.0,3,ay,0.025565006010667513,600,C:\Projects\sense-pi-local-recording-live-main\param_sweep_data\dlpf1\GEN_S123_default\40Hz\mpu_S3_2025-11-29_01-34-12.csv
1,GEN_S123_default,40.0,3,gz,0.054186992098541574,600,C:\Projects\sense-pi-local-recording-live-main\param_sweep_data\dlpf1\GEN_S123_default\40Hz\mpu_S3_2025-11-29_01-34-12.csv
1,GEN_S123_default,60.0,1,ax,0.027444481996923887,900,C:\Projects\sense-pi-local-recording-live-main\param_sweep_data\dlpf1\GEN_S123_default\60Hz\mpu_S1_2025-11-29_01-34-29.csv
1,GEN_S123_default,60.0,1,ay,0.024374959583998126,900,C:\Projects\sense-pi-local-recording-live-main\param_sweep_data\dlpf1\GEN_S123_default\60Hz\mpu_S1_2025-11-29_01-34-29.csv
1,GEN_S123_default,60.0,1,gz,0.026416841283870198,900,C:\Projects\sense-pi-local-recording-live-main\param_sweep_data\dlpf1\GEN_S123_default\60Hz\mpu_S1_2025-11-29_01-34-29.csv
1,GEN_S123_default,60.0,2,ax,0.031215206970414293,900,C:\Projects\sense-pi-local-recording-live-main\param_sweep_data\dlpf1\GEN_S123_default\60Hz\mpu_S2_2025-11-29_01-34-29.csv
1,GEN_S123_default,60.0,2,ay,0.02640439261950877,900,C:\Projects\sense-pi-local-recording-live-main\param_sweep_data\dlpf1\GEN_S123_default\60Hz\mpu_S2_2025-11-29_01-34-29.csv
1,GEN_S123_default,60.0,2,gz,0.03155493263954559,900,C:\Projects\sense-pi-local-recording-live-main\param_sweep_data\dlpf1\GEN_S123_default\60Hz\mpu_S2_2025-11-29_01-34-29.csv
1,GEN_S123_default,60.0,3,ax,0.02508169869420047,900,C:\Projects\sense-pi-local-recording-live-main\param_sweep_data\dlpf1\GEN_S123_default\60Hz\mpu_S3_2025-11-29_01-34-29.csv
1,GEN_S123_default,60.0,3,ay,0.025464427171546348,900,C:\Projects\sense-pi-local-recording-live-main\param_sweep_data\dlpf1\GEN_S123_default\60Hz\mpu_S3_2025-11-29_01-34-29.csv
1,GEN_S123_default,60.0,3,gz,0.03718241755233056,900,C:\Projects\sense-pi-local-recording-live-main\param_sweep_data\dlpf1\GEN_S123_default\60Hz\mpu_S3_2025-11-29_01-34-29.csv
1,GEN_S123_default,80.0,1,ax,0.025877974999462778,1200,C:\Projects\sense-pi-local-recording-live-main\param_sweep_data\dlpf1\GEN_S123_default\80Hz\mpu_S1_2025-11-29_01-34-46.csv
1,GEN_S123_default,80.0,1,ay,0.024096787020802594,1200,C:\Projects\sense-pi-local-recording-live-main\param_sweep_data\dlpf1\GEN_S123_default\80Hz\mpu_S1_2025-11-29_01-34-46.csv
1,GEN_S123_default,80.0,1,gz,0.028808782316760196,1200,C:\Projects\sense-pi-local-recording-live-main\param_sweep_data\dlpf1\GEN_S123_default\80Hz\mpu_S1_2025-11-29_01-34-46.csv
1,GEN_S123_default,80.0,2,ax,0.029112272244238468,1200,C:\Projects\sense-pi-local-recording-live-main\param_sweep_data\dlpf1\GEN_S123_default\80Hz\mpu_S2_2025-11-29_01-34-46.csv
1,GEN_S123_default,80.0,2,ay,0.025947523192535835,1200,C:\Projects\sense-pi-local-recording-live-main\param_sweep_data\dlpf1\GEN_S123_default\80Hz\mpu_S2_2025-11-29_01-34-46.csv
1,GEN_S123_default,80.0,2,gz,0.03678168062687508,1200,C:\Projects\sense-pi-local-recording-live-main\param_sweep_data\dlpf1\GEN_S123_default\80Hz\mpu_S2_2025-11-29_01-34-46.csv
1,GEN_S123_default,80.0,3,ax,0.02462166924507454,1200,C:\Projects\sense-pi-local-recording-live-main\param_sweep_data\dlpf1\GEN_S123_default\80Hz\mpu_S3_2025-11-29_01-34-46.csv
1,GEN_S123_default,80.0,3,ay,0.02431681733972462,1200,C:\Projects\sense-pi-local-recording-live-main\param_sweep_data\dlpf1\GEN_S123_default\80Hz\mpu_S3_2025-11-29_01-34-46.csv
1,GEN_S123_default,80.0,3,gz,0.05651949636395477,1200,C:\Projects\sense-pi-local-recording-live-main\param_sweep_data\dlpf1\GEN_S123_default\80Hz\mpu_S3_2025-11-29_01-34-46.csv
1,GEN_S1_default,100.0,1,ax,0.02606307007236449,1500,C:\Projects\sense-pi-local-recording-live-main\param_sweep_data\dlpf1\GEN_S1_default\100Hz\mpu_S1_2025-11-29_01-32-16.csv
1,GEN_S1_default,100.0,1,ay,0.02509061860890255,1500,C:\Projects\sense-pi-local-recording-live-main\param_sweep_data\dlpf1\GEN_S1_default\100Hz\mpu_S1_2025-11-29_01-32-16.csv
1,GEN_S1_default,100.0,1,gz,0.03738621163163251,1500,C:\Projects\sense-pi-local-recording-live-main\param_sweep_data\dlpf1\GEN_S1_default\100Hz\mpu_S1_2025-11-29_01-32-16.csv
1,GEN_S1_default,120.0,1,ax,0.026039899556283785,1800,C:\Projects\sense-pi-local-recording-live-main\param_sweep_data\dlpf1\GEN_S1_default\120Hz\mpu_S1_2025-11-29_01-32-32.csv
1,GEN_S1_default,120.0,1,ay,0.02402710804982115,1800,C:\Projects\sense-pi-local-recording-live-main\param_sweep_data\dlpf1\GEN_S1_default\120Hz\mpu_S1_2025-11-29_01-32-32.csv
1,GEN_S1_default,120.0,1,gz,0.04611760331398587,1800,C:\Projects\sense-pi-local-recording-live-main\param_sweep_data\dlpf1\GEN_S1_default\120Hz\mpu_S1_2025-11-29_01-32-32.csv
1,GEN_S1_default,140.0,1,ax,0.02667124089177312,2100,C:\Projects\sense-pi-local-recording-live-main\param_sweep_data\dlpf1\GEN_S1_default\140Hz\mpu_S1_2025-11-29_01-32-49.csv
1,GEN_S1_default,140.0,1,ay,0.02447855742314866,2100,C:\Projects\sense-pi-local-recording-live-main\param_sweep_data\dlpf1\GEN_S1_default\140Hz\mpu_S1_2025-11-29_01-32-49.csv
1,GEN_S1_default,140.0,1,gz,0.03790906553906836,2100,C:\Projects\sense-pi-local-recording-live-main\param_sweep_data\dlpf1\GEN_S1_default\140Hz\mpu_S1_2025-11-29_01-32-49.csv
1,GEN_S1_default,160.0,1,ax,0.026509040984580616,2400,C:\Projects\sense-pi-local-recording-live-main\param_sweep_data\dlpf1\GEN_S1_default\160Hz\mpu_S1_2025-11-29_01-33-06.csv
1,GEN_S1_default,160.0,1,ay,0.023599555270313217,2400,C:\Projects\sense-pi-local-recording-live-main\param_sweep_data\dlpf1\GEN_S1_default\160Hz\mpu_S1_2025-11-29_01-33-06.csv
1,GEN_S1_default,160.0,1,gz,0.047729210458347986,2400,C:\Projects\sense-pi-local-recording-live-main\param_sweep_data\dlpf1\GEN_S1_default\160Hz\mpu_S1_2025-11-29_01-33-06.csv
1,GEN_S1_default,180.0,1,ax,0.026268558498114776,2700,C:\Projects\sense-pi-local-recording-live-main\param_sweep_data\dlpf1\GEN_S1_default\180Hz\mpu_S1_2025-11-29_01-33-22.csv
1,GEN_S1_default,180.0,1,ay,0.023877271827740354,2700,C:\Projects\sense-pi-local-recording-live-main\param_sweep_data\dlpf1\GEN_S1_default\180Hz\mpu_S1_2025-11-29_01-33-22.csv
1,GEN_S1_default,180.0,1,gz,0.047861028528282716,2700,C:\Projects\sense-pi-local-recording-live-main\param_sweep_data\dlpf1\GEN_S1_default\180Hz\mpu_S1_2025-11-29_01-33-22.csv
1,GEN_S1_default,200.0,1,ax,0.026400323746568578,3000,C:\Projects\sense-pi-local-recording-live-main\param_sweep_data\dlpf1\GEN_S1_default\200Hz\mpu_S1_2025-11-29_01-33-39.csv
1,GEN_S1_default,200.0,1,ay,0.024192522286146628,3000,C:\Projects\sense-pi-local-recording-live-main\param_sweep_data\dlpf1\GEN_S1_default\200Hz\mpu_S1_2025-11-29_01-33-39.csv
1,GEN_S1_default,200.0,1,gz,0.045156418854905817,3000,C:\Projects\sense-pi-local-recording-live-main\param_sweep_data\dlpf1\GEN_S1_default\200Hz\mpu_S1_2025-11-29_01-33-39.csv
1,GEN_S1_default,20.0,1,ax,0.025450352122278624,300,C:\Projects\sense-pi-local-recording-live-main\param_sweep_data\dlpf1\GEN_S1_default\20Hz\mpu_S1_2025-11-29_01-31-09.csv
1,GEN_S1_default,20.0,1,ay,0.024483072875103103,300,C:\Projects\sense-pi-local-recording-live-main\param_sweep_data\dlpf1\GEN_S1_default\20Hz\mpu_S1_2025-11-29_01-31-09.csv
1,GEN_S1_default,20.0,1,gz,0.024279381185835117,300,C:\Projects\sense-pi-local-recording-live-main\param_sweep_data\dlpf1\GEN_S1_default\20Hz\mpu_S1_2025-11-29_01-31-09.csv
1,GEN_S1_default,40.0,1,ax,0.027609069145502273,600,C:\Projects\sense-pi-local-recording-live-main\param_sweep_data\dlpf1\GEN_S1_default\40Hz\mpu_S1_2025-11-29_01-31-26.csv
1,GEN_S1_default,40.0,1,ay,0.024310089964217838,600,C:\Projects\sense-pi-local-recording-live-main\param_sweep_data\dlpf1\GEN_S1_default\40Hz\mpu_S1_2025-11-29_01-31-26.csv
1,GEN_S1_default,40.0,1,gz,0.030157221840109643,600,C:\Projects\sense-pi-local-recording-live-main\param_sweep_data\dlpf1\GEN_S1_default\40Hz\mpu_S1_2025-11-29_01-31-26.csv
1,GEN_S1_default,60.0,1,ax,0.0265147825612133,900,C:\Projects\sense-pi-local-recording-live-main\param_sweep_data\dlpf1\GEN_S1_default\60Hz\mpu_S1_2025-11-29_01-31-42.csv
1,GEN_S1_default,60.0,1,ay,0.024453063802262975,900,C:\Projects\sense-pi-local-recording-live-main\param_sweep_data\dlpf1\GEN_S1_default\60Hz\mpu_S1_2025-11-29_01-31-42.csv
1,GEN_S1_default,60.0,1,gz,0.039335779705792225,900,C:\Projects\sense-pi-local-recording-live-main\param_sweep_data\dlpf1\GEN_S1_default\60Hz\mpu_S1_2025-11-29_01-31-42.csv
1,GEN_S1_default,80.0,1,ax,0.026263058611562362,1200,C:\Projects\sense-pi-local-recording-live-main\param_sweep_data\dlpf1\GEN_S1_default\80Hz\mpu_S1_2025-11-29_01-31-59.csv
1,GEN_S1_default,80.0,1,ay,0.023666713953132648,1200,C:\Projects\sense-pi-local-recording-live-main\param_sweep_data\dlpf1\GEN_S1_default\80Hz\mpu_S1_2025-11-29_01-31-59.csv
1,GEN_S1_default,80.0,1,gz,0.032921476276008485,1200,C:\Projects\sense-pi-local-recording-live-main\param_sweep_data\dlpf1\GEN_S1_default\80Hz\mpu_S1_2025-11-29_01-31-59.csv
1,SPEC_S123_6ch_both,100.0,1,ax,0.027074811098505527,1500,C:\Projects\sense-pi-local-recording-live-main\param_sweep_data\dlpf1\SPEC_S123_6ch_both\100Hz\mpu_S1_2025-11-29_01-43-39.csv
1,SPEC_S123_6ch_both,100.0,1,ay,0.02355182497822467,1500,C:\Projects\sense-pi-local-recording-live-main\param_sweep_data\dlpf1\SPEC_S123_6ch_both\100Hz\mpu_S1_2025-11-29_01-43-39.csv
1,SPEC_S123_6ch_both,100.0,1,az,0.03802519274206742,1500,C:\Projects\sense-pi-local-recording-live-main\param_sweep_data\dlpf1\SPEC_S123_6ch_both\100Hz\mpu_S1_2025-11-29_01-43-39.csv
1,SPEC_S123_6ch_both,100.0,1,gx,0.0436761502447217,1500,C:\Projects\sense-pi-local-recording-live-main\param_sweep_data\dlpf1\SPEC_S123_6ch_both\100Hz\mpu_S1_2025-11-29_01-43-39.csv
1,SPEC_S123_6ch_both,100.0,1,gy,0.04190985513458683,1500,C:\Projects\sense-pi-local-recording-live-main\param_sweep_data\dlpf1\SPEC_S123_6ch_both\100Hz\mpu_S1_2025-11-29_01-43-39.csv
1,SPEC_S123_6ch_both,100.0,1,gz,0.033466910012618596,1500,C:\Projects\sense-pi-local-recording-live-main\param_sweep_data\dlpf1\SPEC_S123_6ch_both\100Hz\mpu_S1_2025-11-29_01-43-39.csv
1,SPEC_S123_6ch_both,100.0,2,ax,0.030770148483934702,1500,C:\Projects\sense-pi-local-recording-live-main\param_sweep_data\dlpf1\SPEC_S123_6ch_both\100Hz\mpu_S2_2025-11-29_01-43-39.csv
1,SPEC_S123_6ch_both,100.0,2,ay,0.02652017730005723,1500,C:\Projects\sense-pi-local-recording-live-main\param_sweep_data\dlpf1\SPEC_S123_6ch_both\100Hz\mpu_S2_2025-11-29_01-43-39.csv
1,SPEC_S123_6ch_both,100.0,2,az,0.04012367419522779,1500,C:\Projects\sense-pi-local-recording-live-main\param_sweep_data\dlpf1\SPEC_S123_6ch_both\100Hz\mpu_S2_2025-11-29_01-43-39.csv
1,SPEC_S123_6ch_both,100.0,2,gx,0.03659439038462882,1500,C:\Projects\sense-pi-local-recording-live-main\param_sweep_data\dlpf1\SPEC_S123_6ch_both\100Hz\mpu_S2_2025-11-29_01-43-39.csv
1,SPEC_S123_6ch_both,100.0,2,gy,0.0524805834922677,1500,C:\Projects\sense-pi-local-recording-live-main\param_sweep_data\dlpf1\SPEC_S123_6ch_both\100Hz\mpu_S2_2025-11-29_01-43-39.csv
1,SPEC_S123_6ch_both,100.0,2,gz,0.04018378898218668,1500,C:\Projects\sense-pi-local-recording-live-main\param_sweep_data\dlpf1\SPEC_S123_6ch_both\100Hz\mpu_S2_2025-11-29_01-43-39.csv
1,SPEC_S123_6ch_both,100.0,3,ax,0.024713859337838696,1500,C:\Projects\sense-pi-local-recording-live-main\param_sweep_data\dlpf1\SPEC_S123_6ch_both\100Hz\mpu_S3_2025-11-29_01-43-39.csv
1,SPEC_S123_6ch_both,100.0,3,ay,0.024744655274744523,1500,C:\Projects\sense-pi-local-recording-live-main\param_sweep_data\dlpf1\SPEC_S123_6ch_both\100Hz\mpu_S3_2025-11-29_01-43-39.csv
1,SPEC_S123_6ch_both,100.0,3,az,0.041345358230727824,1500,C:\Projects\sense-pi-local-recording-live-main\param_sweep_data\dlpf1\SPEC_S123_6ch_both\100Hz\mpu_S3_2025-11-29_01-43-39.csv
1,SPEC_S123_6ch_both,100.0,3,gx,0.10855172124717483,1500,C:\Projects\sense-pi-local-recording-live-main\param_sweep_data\dlpf1\SPEC_S123_6ch_both\100Hz\mpu_S3_2025-11-29_01-43-39.csv
1,SPEC_S123_6ch_both,100.0,3,gy,0.051646080640186,1500,C:\Projects\sense-pi-local-recording-live-main\param_sweep_data\dlpf1\SPEC_S123_6ch_both\100Hz\mpu_S3_2025-11-29_01-43-39.csv
1,SPEC_S123_6ch_both,100.0,3,gz,0.07980195931577864,1500,C:\Projects\sense-pi-local-recording-live-main\param_sweep_data\dlpf1\SPEC_S123_6ch_both\100Hz\mpu_S3_2025-11-29_01-43-39.csv
1,SPEC_S123_6ch_both,150.0,1,ax,0.026589929175471767,2072,C:\Projects\sense-pi-local-recording-live-main\param_sweep_data\dlpf1\SPEC_S123_6ch_both\150Hz\mpu_S1_2025-11-29_01-43-56.csv
1,SPEC_S123_6ch_both,150.0,1,ay,0.02528707273020775,2072,C:\Projects\sense-pi-local-recording-live-main\param_sweep_data\dlpf1\SPEC_S123_6ch_both\150Hz\mpu_S1_2025-11-29_01-43-56.csv
1,SPEC_S123_6ch_both,150.0,1,az,0.03829480491237688,2072,C:\Projects\sense-pi-local-recording-live-main\param_sweep_data\dlpf1\SPEC_S123_6ch_both\150Hz\mpu_S1_2025-11-29_01-43-56.csv
1,SPEC_S123_6ch_both,150.0,1,gx,0.05053085272148261,2072,C:\Projects\sense-pi-local-recording-live-main\param_sweep_data\dlpf1\SPEC_S123_6ch_both\150Hz\mpu_S1_2025-11-29_01-43-56.csv
1,SPEC_S123_6ch_both,150.0,1,gy,0.05049218504102765,2072,C:\Projects\sense-pi-local-recording-live-main\param_sweep_data\dlpf1\SPEC_S123_6ch_both\150Hz\mpu_S1_2025-11-29_01-43-56.csv
1,SPEC_S123_6ch_both,150.0,1,gz,0.038945478584772056,2072,C:\Projects\sense-pi-local-recording-live-main\param_sweep_data\dlpf1\SPEC_S123_6ch_both\150Hz\mpu_S1_2025-11-29_01-43-56.csv
1,SPEC_S123_6ch_both,150.0,2,ax,0.03179023786356253,2072,C:\Projects\sense-pi-local-recording-live-main\param_sweep_data\dlpf1\SPEC_S123_6ch_both\150Hz\mpu_S2_2025-11-29_01-43-56.csv
1,SPEC_S123_6ch_both,150.0,2,ay,0.026381789566796838,2072,C:\Projects\sense-pi-local-recording-live-main\param_sweep_data\dlpf1\SPEC_S123_6ch_both\150Hz\mpu_S2_2025-11-29_01-43-56.csv
1,SPEC_S123_6ch_both,150.0,2,az,0.04163906138564065,2072,C:\Projects\sense-pi-local-recording-live-main\param_sweep_data\dlpf1\SPEC_S123_6ch_both\150Hz\mpu_S2_2025-11-29_01-43-56.csv
1,SPEC_S123_6ch_both,150.0,2,gx,0.04315076672971595,2072,C:\Projects\sense-pi-local-recording-live-main\param_sweep_data\dlpf1\SPEC_S123_6ch_both\150Hz\mpu_S2_2025-11-29_01-43-56.csv
1,SPEC_S123_6ch_both,150.0,2,gy,0.06185873066644412,2072,C:\Projects\sense-pi-local-recording-live-main\param_sweep_data\dlpf1\SPEC_S123_6ch_both\150Hz\mpu_S2_2025-11-29_01-43-56.csv
1,SPEC_S123_6ch_both,150.0,2,gz,0.05139666684074496,2072,C:\Projects\sense-pi-local-recording-live-main\param_sweep_data\dlpf1\SPEC_S123_6ch_both\150Hz\mpu_S2_2025-11-29_01-43-56.csv
1,SPEC_S123_6ch_both,150.0,3,ax,0.02525027196899868,2072,C:\Projects\sense-pi-local-recording-live-main\param_sweep_data\dlpf1\SPEC_S123_6ch_both\150Hz\mpu_S3_2025-11-29_01-43-56.csv
1,SPEC_S123_6ch_both,150.0,3,ay,0.02480750951187063,2072,C:\Projects\sense-pi-local-recording-live-main\param_sweep_data\dlpf1\SPEC_S123_6ch_both\150Hz\mpu_S3_2025-11-29_01-43-56.csv
1,SPEC_S123_6ch_both,150.0,3,az,0.03887515344207138,2072,C:\Projects\sense-pi-local-recording-live-main\param_sweep_data\dlpf1\SPEC_S123_6ch_both\150Hz\mpu_S3_2025-11-29_01-43-56.csv
1,SPEC_S123_6ch_both,150.0,3,gx,0.04696658997489248,2072,C:\Projects\sense-pi-local-recording-live-main\param_sweep_data\dlpf1\SPEC_S123_6ch_both\150Hz\mpu_S3_2025-11-29_01-43-56.csv
1,SPEC_S123_6ch_both,150.0,3,gy,0.06282854244730479,2072,C:\Projects\sense-pi-local-recording-live-main\param_sweep_data\dlpf1\SPEC_S123_6ch_both\150Hz\mpu_S3_2025-11-29_01-43-56.csv
1,SPEC_S123_6ch_both,150.0,3,gz,0.04362508471915111,2072,C:\Projects\sense-pi-local-recording-live-main\param_sweep_data\dlpf1\SPEC_S123_6ch_both\150Hz\mpu_S3_2025-11-29_01-43-56.csv
1,SPEC_S123_6ch_both,200.0,1,ax,0.026238797222977627,2148,C:\Projects\sense-pi-local-recording-live-main\param_sweep_data\dlpf1\SPEC_S123_6ch_both\200Hz\mpu_S1_2025-11-29_01-44-13.csv
1,SPEC_S123_6ch_both,200.0,1,ay,0.023894369682445342,2148,C:\Projects\sense-pi-local-recording-live-main\param_sweep_data\dlpf1\SPEC_S123_6ch_both\200Hz\mpu_S1_2025-11-29_01-44-13.csv
1,SPEC_S123_6ch_both,200.0,1,az,0.03959152564274234,2148,C:\Projects\sense-pi-local-recording-live-main\param_sweep_data\dlpf1\SPEC_S123_6ch_both\200Hz\mpu_S1_2025-11-29_01-44-13.csv
1,SPEC_S123_6ch_both,200.0,1,gx,0.059078020788986,2148,C:\Projects\sense-pi-local-recording-live-main\param_sweep_data\dlpf1\SPEC_S123_6ch_both\200Hz\mpu_S1_2025-11-29_01-44-13.csv
1,SPEC_S123_6ch_both,200.0,1,gy,0.05961372992015855,2148,C:\Projects\sense-pi-local-recording-live-main\param_sweep_data\dlpf1\SPEC_S123_6ch_both\200Hz\mpu_S1_2025-11-29_01-44-13.csv
1,SPEC_S123_6ch_both,200.0,1,gz,0.044782463238485365,2148,C:\Projects\sense-pi-local-recording-live-main\param_sweep_data\dlpf1\SPEC_S123_6ch_both\200Hz\mpu_S1_2025-11-29_01-44-13.csv
1,SPEC_S123_6ch_both,200.0,2,ax,0.0335155065692064,2148,C:\Projects\sense-pi-local-recording-live-main\param_sweep_data\dlpf1\SPEC_S123_6ch_both\200Hz\mpu_S2_2025-11-29_01-44-13.csv
1,SPEC_S123_6ch_both,200.0,2,ay,0.025169587863643563,2148,C:\Projects\sense-pi-local-recording-live-main\param_sweep_data\dlpf1\SPEC_S123_6ch_both\200Hz\mpu_S2_2025-11-29_01-44-13.csv
1,SPEC_S123_6ch_both,200.0,2,az,0.04140786985939724,2148,C:\Projects\sense-pi-local-recording-live-main\param_sweep_data\dlpf1\SPEC_S123_6ch_both\200Hz\mpu_S2_2025-11-29_01-44-13.csv
1,SPEC_S123_6ch_both,200.0,2,gx,0.049953469012700306,2148,C:\Projects\sense-pi-local-recording-live-main\param_sweep_data\dlpf1\SPEC_S123_6ch_both\200Hz\mpu_S2_2025-11-29_01-44-13.csv
1,SPEC_S123_6ch_both,200.0,2,gy,0.0717489133426194,2148,C:\Projects\sense-pi-local-recording-live-main\param_sweep_data\dlpf1\SPEC_S123_6ch_both\200Hz\mpu_S2_2025-11-29_01-44-13.csv
1,SPEC_S123_6ch_both,200.0,2,gz,0.05371504185255764,2148,C:\Projects\sense-pi-local-recording-live-main\param_sweep_data\dlpf1\SPEC_S123_6ch_both\200Hz\mpu_S2_2025-11-29_01-44-13.csv
1,SPEC_S123_6ch_both,200.0,3,ax,0.026569846780294844,2148,C:\Projects\sense-pi-local-recording-live-main\param_sweep_data\dlpf1\SPEC_S123_6ch_both\200Hz\mpu_S3_2025-11-29_01-44-13.csv
1,SPEC_S123_6ch_both,200.0,3,ay,0.02489640052772633,2148,C:\Projects\sense-pi-local-recording-live-main\param_sweep_data\dlpf1\SPEC_S123_6ch_both\200Hz\mpu_S3_2025-11-29_01-44-13.csv
1,SPEC_S123_6ch_both,200.0,3,az,0.04125116865058224,2148,C:\Projects\sense-pi-local-recording-live-main\param_sweep_data\dlpf1\SPEC_S123_6ch_both\200Hz\mpu_S3_2025-11-29_01-44-13.csv
1,SPEC_S123_6ch_both,200.0,3,gx,0.05458989933199894,2148,C:\Projects\sense-pi-local-recording-live-main\param_sweep_data\dlpf1\SPEC_S123_6ch_both\200Hz\mpu_S3_2025-11-29_01-44-13.csv
1,SPEC_S123_6ch_both,200.0,3,gy,0.07165797543541903,2148,C:\Projects\sense-pi-local-recording-live-main\param_sweep_data\dlpf1\SPEC_S123_6ch_both\200Hz\mpu_S3_2025-11-29_01-44-13.csv
1,SPEC_S123_6ch_both,200.0,3,gz,0.05269657134411509,2148,C:\Projects\sense-pi-local-recording-live-main\param_sweep_data\dlpf1\SPEC_S123_6ch_both\200Hz\mpu_S3_2025-11-29_01-44-13.csv
1,SPEC_S123_6ch_both,50.0,1,ax,0.02614394680912225,750,C:\Projects\sense-pi-local-recording-live-main\param_sweep_data\dlpf1\SPEC_S123_6ch_both\50Hz\mpu_S1_2025-11-29_01-43-22.csv
1,SPEC_S123_6ch_both,50.0,1,ay,0.022883513093774312,750,C:\Projects\sense-pi-local-recording-live-main\param_sweep_data\dlpf1\SPEC_S123_6ch_both\50Hz\mpu_S1_2025-11-29_01-43-22.csv
1,SPEC_S123_6ch_both,50.0,1,az,0.03779914018831654,750,C:\Projects\sense-pi-local-recording-live-main\param_sweep_data\dlpf1\SPEC_S123_6ch_both\50Hz\mpu_S1_2025-11-29_01-43-22.csv
1,SPEC_S123_6ch_both,50.0,1,gx,0.026773652722357492,750,C:\Projects\sense-pi-local-recording-live-main\param_sweep_data\dlpf1\SPEC_S123_6ch_both\50Hz\mpu_S1_2025-11-29_01-43-22.csv
1,SPEC_S123_6ch_both,50.0,1,gy,0.027663503488684037,750,C:\Projects\sense-pi-local-recording-live-main\param_sweep_data\dlpf1\SPEC_S123_6ch_both\50Hz\mpu_S1_2025-11-29_01-43-22.csv
1,SPEC_S123_6ch_both,50.0,1,gz,0.023785991538292667,750,C:\Projects\sense-pi-local-recording-live-main\param_sweep_data\dlpf1\SPEC_S123_6ch_both\50Hz\mpu_S1_2025-11-29_01-43-22.csv
1,SPEC_S123_6ch_both,50.0,2,ax,0.027736548445808175,750,C:\Projects\sense-pi-local-recording-live-main\param_sweep_data\dlpf1\SPEC_S123_6ch_both\50Hz\mpu_S2_2025-11-29_01-43-22.csv
1,SPEC_S123_6ch_both,50.0,2,ay,0.02631930361725285,750,C:\Projects\sense-pi-local-recording-live-main\param_sweep_data\dlpf1\SPEC_S123_6ch_both\50Hz\mpu_S2_2025-11-29_01-43-22.csv
1,SPEC_S123_6ch_both,50.0,2,az,0.04257960752298569,750,C:\Projects\sense-pi-local-recording-live-main\param_sweep_data\dlpf1\SPEC_S123_6ch_both\50Hz\mpu_S2_2025-11-29_01-43-22.csv
1,SPEC_S123_6ch_both,50.0,2,gx,0.026238548159040094,750,C:\Projects\sense-pi-local-recording-live-main\param_sweep_data\dlpf1\SPEC_S123_6ch_both\50Hz\mpu_S2_2025-11-29_01-43-22.csv
1,SPEC_S123_6ch_both,50.0,2,gy,0.02914021435836163,750,C:\Projects\sense-pi-local-recording-live-main\param_sweep_data\dlpf1\SPEC_S123_6ch_both\50Hz\mpu_S2_2025-11-29_01-43-22.csv
1,SPEC_S123_6ch_both,50.0,2,gz,0.032521000559791825,750,C:\Projects\sense-pi-local-recording-live-main\param_sweep_data\dlpf1\SPEC_S123_6ch_both\50Hz\mpu_S2_2025-11-29_01-43-22.csv
1,SPEC_S123_6ch_both,50.0,3,ax,0.025028933516880538,750,C:\Projects\sense-pi-local-recording-live-main\param_sweep_data\dlpf1\SPEC_S123_6ch_both\50Hz\mpu_S3_2025-11-29_01-43-22.csv
1,SPEC_S123_6ch_both,50.0,3,ay,0.02465613439928922,750,C:\Projects\sense-pi-local-recording-live-main\param_sweep_data\dlpf1\SPEC_S123_6ch_both\50Hz\mpu_S3_2025-11-29_01-43-22.csv
1,SPEC_S123_6ch_both,50.0,3,az,0.039055530045091345,750,C:\Projects\sense-pi-local-recording-live-main\param_sweep_data\dlpf1\SPEC_S123_6ch_both\50Hz\mpu_S3_2025-11-29_01-43-22.csv
1,SPEC_S123_6ch_both,50.0,3,gx,0.051332775202625754,750,C:\Projects\sense-pi-local-recording-live-main\param_sweep_data\dlpf1\SPEC_S123_6ch_both\50Hz\mpu_S3_2025-11-29_01-43-22.csv
1,SPEC_S123_6ch_both,50.0,3,gy,0.030986564964389066,750,C:\Projects\sense-pi-local-recording-live-main\param_sweep_data\dlpf1\SPEC_S123_6ch_both\50Hz\mpu_S3_2025-11-29_01-43-22.csv
1,SPEC_S123_6ch_both,50.0,3,gz,0.03966290446483658,750,C:\Projects\sense-pi-local-recording-live-main\param_sweep_data\dlpf1\SPEC_S123_6ch_both\50Hz\mpu_S3_2025-11-29_01-43-22.csv
1,SPEC_S1_1ch_acc,100.0,1,ax,0.026789609824464024,1500,C:\Projects\sense-pi-local-recording-live-main\param_sweep_data\dlpf1\SPEC_S1_1ch_acc\100Hz\mpu_S1_2025-11-29_01-37-00.csv
1,SPEC_S1_1ch_acc,100.0,1,ay,0.02515383492722594,1500,C:\Projects\sense-pi-local-recording-live-main\param_sweep_data\dlpf1\SPEC_S1_1ch_acc\100Hz\mpu_S1_2025-11-29_01-37-00.csv
1,SPEC_S1_1ch_acc,100.0,1,az,0.03989782033839949,1500,C:\Projects\sense-pi-local-recording-live-main\param_sweep_data\dlpf1\SPEC_S1_1ch_acc\100Hz\mpu_S1_2025-11-29_01-37-00.csv
1,SPEC_S1_1ch_acc,150.0,1,ax,0.02620775687362481,2250,C:\Projects\sense-pi-local-recording-live-main\param_sweep_data\dlpf1\SPEC_S1_1ch_acc\150Hz\mpu_S1_2025-11-29_01-37-17.csv
1,SPEC_S1_1ch_acc,150.0,1,ay,0.02376471721847784,2250,C:\Projects\sense-pi-local-recording-live-main\param_sweep_data\dlpf1\SPEC_S1_1ch_acc\150Hz\mpu_S1_2025-11-29_01-37-17.csv
1,SPEC_S1_1ch_acc,150.0,1,az,0.03950840843225722,2250,C:\Projects\sense-pi-local-recording-live-main\param_sweep_data\dlpf1\SPEC_S1_1ch_acc\150Hz\mpu_S1_2025-11-29_01-37-17.csv
1,SPEC_S1_1ch_acc,200.0,1,ax,0.025959889766780923,3000,C:\Projects\sense-pi-local-recording-live-main\param_sweep_data\dlpf1\SPEC_S1_1ch_acc\200Hz\mpu_S1_2025-11-29_01-37-33.csv
1,SPEC_S1_1ch_acc,200.0,1,ay,0.02564262557563169,3000,C:\Projects\sense-pi-local-recording-live-main\param_sweep_data\dlpf1\SPEC_S1_1ch_acc\200Hz\mpu_S1_2025-11-29_01-37-33.csv
1,SPEC_S1_1ch_acc,200.0,1,az,0.040289386502127,3000,C:\Projects\sense-pi-local-recording-live-main\param_sweep_data\dlpf1\SPEC_S1_1ch_acc\200Hz\mpu_S1_2025-11-29_01-37-33.csv
1,SPEC_S1_1ch_acc,250.0,1,ax,0.026346100907082056,3750,C:\Projects\sense-pi-local-recording-live-main\param_sweep_data\dlpf1\SPEC_S1_1ch_acc\250Hz\mpu_S1_2025-11-29_01-37-50.csv
1,SPEC_S1_1ch_acc,250.0,1,ay,0.02464375489846408,3750,C:\Projects\sense-pi-local-recording-live-main\param_sweep_data\dlpf1\SPEC_S1_1ch_acc\250Hz\mpu_S1_2025-11-29_01-37-50.csv
1,SPEC_S1_1ch_acc,250.0,1,az,0.04190189215542845,3750,C:\Projects\sense-pi-local-recording-live-main\param_sweep_data\dlpf1\SPEC_S1_1ch_acc\250Hz\mpu_S1_2025-11-29_01-37-50.csv
1,SPEC_S1_1ch_acc,300.0,1,ax,0.026355870692791317,4500,C:\Projects\sense-pi-local-recording-live-main\param_sweep_data\dlpf1\SPEC_S1_1ch_acc\300Hz\mpu_S1_2025-11-29_01-38-07.csv
1,SPEC_S1_1ch_acc,300.0,1,ay,0.02512422133718634,4500,C:\Projects\sense-pi-local-recording-live-main\param_sweep_data\dlpf1\SPEC_S1_1ch_acc\300Hz\mpu_S1_2025-11-29_01-38-07.csv
1,SPEC_S1_1ch_acc,300.0,1,az,0.04316636366384986,4500,C:\Projects\sense-pi-local-recording-live-main\param_sweep_data\dlpf1\SPEC_S1_1ch_acc\300Hz\mpu_S1_2025-11-29_01-38-07.csv
1,SPEC_S1_1ch_acc,350.0,1,ax,0.0267499736478293,5250,C:\Projects\sense-pi-local-recording-live-main\param_sweep_data\dlpf1\SPEC_S1_1ch_acc\350Hz\mpu_S1_2025-11-29_01-38-23.csv
1,SPEC_S1_1ch_acc,350.0,1,ay,0.02515736798809494,5250,C:\Projects\sense-pi-local-recording-live-main\param_sweep_data\dlpf1\SPEC_S1_1ch_acc\350Hz\mpu_S1_2025-11-29_01-38-23.csv
1,SPEC_S1_1ch_acc,350.0,1,az,0.04213975099916157,5250,C:\Projects\sense-pi-local-recording-live-main\param_sweep_data\dlpf1\SPEC_S1_1ch_acc\350Hz\mpu_S1_2025-11-29_01-38-23.csv
1,SPEC_S1_1ch_acc,400.0,1,ax,0.026332378184260645,6000,C:\Projects\sense-pi-local-recording-live-main\param_sweep_data\dlpf1\SPEC_S1_1ch_acc\400Hz\mpu_S1_2025-11-29_01-38-40.csv
1,SPEC_S1_1ch_acc,400.0,1,ay,0.025552419380360784,6000,C:\Projects\sense-pi-local-recording-live-main\param_sweep_data\dlpf1\SPEC_S1_1ch_acc\400Hz\mpu_S1_2025-11-29_01-38-40.csv
1,SPEC_S1_1ch_acc,400.0,1,az,0.04528847257283479,6000,C:\Projects\sense-pi-local-recording-live-main\param_sweep_data\dlpf1\SPEC_S1_1ch_acc\400Hz\mpu_S1_2025-11-29_01-38-40.csv
1,SPEC_S1_1ch_acc,450.0,1,ax,0.026851818661285203,6750,C:\Projects\sense-pi-local-recording-live-main\param_sweep_data\dlpf1\SPEC_S1_1ch_acc\450Hz\mpu_S1_2025-11-29_01-38-56.csv
1,SPEC_S1_1ch_acc,450.0,1,ay,0.02606793784098076,6750,C:\Projects\sense-pi-local-recording-live-main\param_sweep_data\dlpf1\SPEC_S1_1ch_acc\450Hz\mpu_S1_2025-11-29_01-38-56.csv
1,SPEC_S1_1ch_acc,450.0,1,az,0.04501358291673717,6750,C:\Projects\sense-pi-local-recording-live-main\param_sweep_data\dlpf1\SPEC_S1_1ch_acc\450Hz\mpu_S1_2025-11-29_01-38-56.csv
1,SPEC_S1_1ch_acc,500.0,1,ax,0.026519578601344334,7500,C:\Projects\sense-pi-local-recording-live-main\param_sweep_data\dlpf1\SPEC_S1_1ch_acc\500Hz\mpu_S1_2025-11-29_01-39-13.csv
1,SPEC_S1_1ch_acc,500.0,1,ay,0.02547344949691842,7500,C:\Projects\sense-pi-local-recording-live-main\param_sweep_data\dlpf1\SPEC_S1_1ch_acc\500Hz\mpu_S1_2025-11-29_01-39-13.csv
1,SPEC_S1_1ch_acc,500.0,1,az,0.043681638156520104,7500,C:\Projects\sense-pi-local-recording-live-main\param_sweep_data\dlpf1\SPEC_S1_1ch_acc\500Hz\mpu_S1_2025-11-29_01-39-13.csv
1,SPEC_S1_1ch_acc,50.0,1,ax,0.02523842300715613,750,C:\Projects\sense-pi-local-recording-live-main\param_sweep_data\dlpf1\SPEC_S1_1ch_acc\50Hz\mpu_S1_2025-11-29_01-36-43.csv
1,SPEC_S1_1ch_acc,50.0,1,ay,0.023999065526723096,750,C:\Projects\sense-pi-local-recording-live-main\param_sweep_data\dlpf1\SPEC_S1_1ch_acc\50Hz\mpu_S1_2025-11-29_01-36-43.csv
1,SPEC_S1_1ch_acc,50.0,1,az,0.03869102874854821,750,C:\Projects\sense-pi-local-recording-live-main\param_sweep_data\dlpf1\SPEC_S1_1ch_acc\50Hz\mpu_S1_2025-11-29_01-36-43.csv
1,SPEC_S1_3ch_default,100.0,1,ax,0.02721097564448285,1500,C:\Projects\sense-pi-local-recording-live-main\param_sweep_data\dlpf1\SPEC_S1_3ch_default\100Hz\mpu_S1_2025-11-29_01-39-46.csv
1,SPEC_S1_3ch_default,100.0,1,ay,0.025292973068748607,1500,C:\Projects\sense-pi-local-recording-live-main\param_sweep_data\dlpf1\SPEC_S1_3ch_default\100Hz\mpu_S1_2025-11-29_01-39-46.csv
1,SPEC_S1_3ch_default,100.0,1,gz,0.03587925450570785,1500,C:\Projects\sense-pi-local-recording-live-main\param_sweep_data\dlpf1\SPEC_S1_3ch_default\100Hz\mpu_S1_2025-11-29_01-39-46.csv
1,SPEC_S1_3ch_default,150.0,1,ax,0.026857378116175494,2250,C:\Projects\sense-pi-local-recording-live-main\param_sweep_data\dlpf1\SPEC_S1_3ch_default\150Hz\mpu_S1_2025-11-29_01-40-03.csv
1,SPEC_S1_3ch_default,150.0,1,ay,0.023726796319264293,2250,C:\Projects\sense-pi-local-recording-live-main\param_sweep_data\dlpf1\SPEC_S1_3ch_default\150Hz\mpu_S1_2025-11-29_01-40-03.csv
1,SPEC_S1_3ch_default,150.0,1,gz,0.03935299650298858,2250,C:\Projects\sense-pi-local-recording-live-main\param_sweep_data\dlpf1\SPEC_S1_3ch_default\150Hz\mpu_S1_2025-11-29_01-40-03.csv
1,SPEC_S1_3ch_default,200.0,1,ax,0.026161138029596187,3000,C:\Projects\sense-pi-local-recording-live-main\param_sweep_data\dlpf1\SPEC_S1_3ch_default\200Hz\mpu_S1_2025-11-29_01-40-19.csv
1,SPEC_S1_3ch_default,200.0,1,ay,0.024785517527440078,3000,C:\Projects\sense-pi-local-recording-live-main\param_sweep_data\dlpf1\SPEC_S1_3ch_default\200Hz\mpu_S1_2025-11-29_01-40-19.csv
1,SPEC_S1_3ch_default,200.0,1,gz,0.046883601374086065,3000,C:\Projects\sense-pi-local-recording-live-main\param_sweep_data\dlpf1\SPEC_S1_3ch_default\200Hz\mpu_S1_2025-11-29_01-40-19.csv
1,SPEC_S1_3ch_default,250.0,1,ax,0.026702520247496857,3750,C:\Projects\sense-pi-local-recording-live-main\param_sweep_data\dlpf1\SPEC_S1_3ch_default\250Hz\mpu_S1_2025-11-29_01-40-36.csv
1,SPEC_S1_3ch_default,250.0,1,ay,0.024367039310274893,3750,C:\Projects\sense-pi-local-recording-live-main\param_sweep_data\dlpf1\SPEC_S1_3ch_default\250Hz\mpu_S1_2025-11-29_01-40-36.csv
1,SPEC_S1_3ch_default,250.0,1,gz,0.04969238068948049,3750,C:\Projects\sense-pi-local-recording-live-main\param_sweep_data\dlpf1\SPEC_S1_3ch_default\250Hz\mpu_S1_2025-11-29_01-40-36.csv
1,SPEC_S1_3ch_default,300.0,1,ax,0.026665742884739555,4500,C:\Projects\sense-pi-local-recording-live-main\param_sweep_data\dlpf1\SPEC_S1_3ch_default\300Hz\mpu_S1_2025-11-29_01-40-53.csv
1,SPEC_S1_3ch_default,300.0,1,ay,0.025822560894097152,4500,C:\Projects\sense-pi-local-recording-live-main\param_sweep_data\dlpf1\SPEC_S1_3ch_default\300Hz\mpu_S1_2025-11-29_01-40-53.csv
1,SPEC_S1_3ch_default,300.0,1,gz,0.05415778481824737,4500,C:\Projects\sense-pi-local-recording-live-main\param_sweep_data\dlpf1\SPEC_S1_3ch_default\300Hz\mpu_S1_2025-11-29_01-40-53.csv
1,SPEC_S1_3ch_default,350.0,1,ax,0.026980893627218217,5250,C:\Projects\sense-pi-local-recording-live-main\param_sweep_data\dlpf1\SPEC_S1_3ch_default\350Hz\mpu_S1_2025-11-29_01-41-09.csv
1,SPEC_S1_3ch_default,350.0,1,ay,0.02491383278229424,5250,C:\Projects\sense-pi-local-recording-live-main\param_sweep_data\dlpf1\SPEC_S1_3ch_default\350Hz\mpu_S1_2025-11-29_01-41-09.csv
1,SPEC_S1_3ch_default,350.0,1,gz,0.05349959430267263,5250,C:\Projects\sense-pi-local-recording-live-main\param_sweep_data\dlpf1\SPEC_S1_3ch_default\350Hz\mpu_S1_2025-11-29_01-41-09.csv
1,SPEC_S1_3ch_default,400.0,1,ax,0.026457848106202435,6000,C:\Projects\sense-pi-local-recording-live-main\param_sweep_data\dlpf1\SPEC_S1_3ch_default\400Hz\mpu_S1_2025-11-29_01-41-26.csv
1,SPEC_S1_3ch_default,400.0,1,ay,0.025137843109855507,6000,C:\Projects\sense-pi-local-recording-live-main\param_sweep_data\dlpf1\SPEC_S1_3ch_default\400Hz\mpu_S1_2025-11-29_01-41-26.csv
1,SPEC_S1_3ch_default,400.0,1,gz,0.05923270288435457,6000,C:\Projects\sense-pi-local-recording-live-main\param_sweep_data\dlpf1\SPEC_S1_3ch_default\400Hz\mpu_S1_2025-11-29_01-41-26.csv
1,SPEC_S1_3ch_default,450.0,1,ax,0.026686862007320192,6414,C:\Projects\sense-pi-local-recording-live-main\param_sweep_data\dlpf1\SPEC_S1_3ch_default\450Hz\mpu_S1_2025-11-29_01-41-42.csv
1,SPEC_S1_3ch_default,450.0,1,ay,0.02561982375887713,6414,C:\Projects\sense-pi-local-recording-live-main\param_sweep_data\dlpf1\SPEC_S1_3ch_default\450Hz\mpu_S1_2025-11-29_01-41-42.csv
1,SPEC_S1_3ch_default,450.0,1,gz,0.05997590497432603,6414,C:\Projects\sense-pi-local-recording-live-main\param_sweep_data\dlpf1\SPEC_S1_3ch_default\450Hz\mpu_S1_2025-11-29_01-41-42.csv
1,SPEC_S1_3ch_default,500.0,1,ax,0.02650753802729648,6588,C:\Projects\sense-pi-local-recording-live-main\param_sweep_data\dlpf1\SPEC_S1_3ch_default\500Hz\mpu_S1_2025-11-29_01-41-59.csv
1,SPEC_S1_3ch_default,500.0,1,ay,0.025610110805274883,6588,C:\Projects\sense-pi-local-recording-live-main\param_sweep_data\dlpf1\SPEC_S1_3ch_default\500Hz\mpu_S1_2025-11-29_01-41-59.csv
1,SPEC_S1_3ch_default,500.0,1,gz,0.06036536619526021,6588,C:\Projects\sense-pi-local-recording-live-main\param_sweep_data\dlpf1\SPEC_S1_3ch_default\500Hz\mpu_S1_2025-11-29_01-41-59.csv
1,SPEC_S1_3ch_default,50.0,1,ax,0.025962009292484278,750,C:\Projects\sense-pi-local-recording-live-main\param_sweep_data\dlpf1\SPEC_S1_3ch_default\50Hz\mpu_S1_2025-11-29_01-39-30.csv
1,SPEC_S1_3ch_default,50.0,1,ay,0.02424466498660273,750,C:\Projects\sense-pi-local-recording-live-main\param_sweep_data\dlpf1\SPEC_S1_3ch_default\50Hz\mpu_S1_2025-11-29_01-39-30.csv
1,SPEC_S1_3ch_default,50.0,1,gz,0.03009520737665176,750,C:\Projects\sense-pi-local-recording-live-main\param_sweep_data\dlpf1\SPEC_S1_3ch_default\50Hz\mpu_S1_2025-11-29_01-39-30.csv
1,SPEC_S1_6ch_both,100.0,1,ax,0.025910337142027787,1500,C:\Projects\sense-pi-local-recording-live-main\param_sweep_data\dlpf1\SPEC_S1_6ch_both\100Hz\mpu_S1_2025-11-29_01-42-32.csv
1,SPEC_S1_6ch_both,100.0,1,ay,0.02422571881719139,1500,C:\Projects\sense-pi-local-recording-live-main\param_sweep_data\dlpf1\SPEC_S1_6ch_both\100Hz\mpu_S1_2025-11-29_01-42-32.csv
1,SPEC_S1_6ch_both,100.0,1,az,0.04014007999049279,1500,C:\Projects\sense-pi-local-recording-live-main\param_sweep_data\dlpf1\SPEC_S1_6ch_both\100Hz\mpu_S1_2025-11-29_01-42-32.csv
1,SPEC_S1_6ch_both,100.0,1,gx,0.04273775267219022,1500,C:\Projects\sense-pi-local-recording-live-main\param_sweep_data\dlpf1\SPEC_S1_6ch_both\100Hz\mpu_S1_2025-11-29_01-42-32.csv
1,SPEC_S1_6ch_both,100.0,1,gy,0.041550173164335936,1500,C:\Projects\sense-pi-local-recording-live-main\param_sweep_data\dlpf1\SPEC_S1_6ch_both\100Hz\mpu_S1_2025-11-29_01-42-32.csv
1,SPEC_S1_6ch_both,100.0,1,gz,0.03247609461226266,1500,C:\Projects\sense-pi-local-recording-live-main\param_sweep_data\dlpf1\SPEC_S1_6ch_both\100Hz\mpu_S1_2025-11-29_01-42-32.csv
1,SPEC_S1_6ch_both,150.0,1,ax,0.02639000838260666,2250,C:\Projects\sense-pi-local-recording-live-main\param_sweep_data\dlpf1\SPEC_S1_6ch_both\150Hz\mpu_S1_2025-11-29_01-42-49.csv
1,SPEC_S1_6ch_both,150.0,1,ay,0.02391209685203605,2250,C:\Projects\sense-pi-local-recording-live-main\param_sweep_data\dlpf1\SPEC_S1_6ch_both\150Hz\mpu_S1_2025-11-29_01-42-49.csv
1,SPEC_S1_6ch_both,150.0,1,az,0.039641095544867645,2250,C:\Projects\sense-pi-local-recording-live-main\param_sweep_data\dlpf1\SPEC_S1_6ch_both\150Hz\mpu_S1_2025-11-29_01-42-49.csv
1,SPEC_S1_6ch_both,150.0,1,gx,0.05112918630704847,2250,C:\Projects\sense-pi-local-recording-live-main\param_sweep_data\dlpf1\SPEC_S1_6ch_both\150Hz\mpu_S1_2025-11-29_01-42-49.csv
1,SPEC_S1_6ch_both,150.0,1,gy,0.04938812160985925,2250,C:\Projects\sense-pi-local-recording-live-main\param_sweep_data\dlpf1\SPEC_S1_6ch_both\150Hz\mpu_S1_2025-11-29_01-42-49.csv
1,SPEC_S1_6ch_both,150.0,1,gz,0.03896314112519881,2250,C:\Projects\sense-pi-local-recording-live-main\param_sweep_data\dlpf1\SPEC_S1_6ch_both\150Hz\mpu_S1_2025-11-29_01-42-49.csv
1,SPEC_S1_6ch_both,200.0,1,ax,0.025964563757611994,3000,C:\Projects\sense-pi-local-recording-live-main\param_sweep_data\dlpf1\SPEC_S1_6ch_both\200Hz\mpu_S1_2025-11-29_01-43-05.csv
1,SPEC_S1_6ch_both,200.0,1,ay,0.02455320944447912,3000,C:\Projects\sense-pi-local-recording-live-main\param_sweep_data\dlpf1\SPEC_S1_6ch_both\200Hz\mpu_S1_2025-11-29_01-43-05.csv
1,SPEC_S1_6ch_both,200.0,1,az,0.04067076207703287,3000,C:\Projects\sense-pi-local-recording-live-main\param_sweep_data\dlpf1\SPEC_S1_6ch_both\200Hz\mpu_S1_2025-11-29_01-43-05.csv
1,SPEC_S1_6ch_both,200.0,1,gx,0.05917569157425698,3000,C:\Projects\sense-pi-local-recording-live-main\param_sweep_data\dlpf1\SPEC_S1_6ch_both\200Hz\mpu_S1_2025-11-29_01-43-05.csv
1,SPEC_S1_6ch_both,200.0,1,gy,0.05790568559322437,3000,C:\Projects\sense-pi-local-recording-live-main\param_sweep_data\dlpf1\SPEC_S1_6ch_both\200Hz\mpu_S1_2025-11-29_01-43-05.csv
1,SPEC_S1_6ch_both,200.0,1,gz,0.04593366069110993,3000,C:\Projects\sense-pi-local-recording-live-main\param_sweep_data\dlpf1\SPEC_S1_6ch_both\200Hz\mpu_S1_2025-11-29_01-43-05.csv
1,SPEC_S1_6ch_both,50.0,1,ax,0.02670693657375574,750,C:\Projects\sense-pi-local-recording-live-main\param_sweep_data\dlpf1\SPEC_S1_6ch_both\50Hz\mpu_S1_2025-11-29_01-42-16.csv
1,SPEC_S1_6ch_both,50.0,1,ay,0.024805606282485973,750,C:\Projects\sense-pi-local-recording-live-main\param_sweep_data\dlpf1\SPEC_S1_6ch_both\50Hz\mpu_S1_2025-11-29_01-42-16.csv
1,SPEC_S1_6ch_both,50.0,1,az,0.037415299979517945,750,C:\Projects\sense-pi-local-recording-live-main\param_sweep_data\dlpf1\SPEC_S1_6ch_both\50Hz\mpu_S1_2025-11-29_01-42-16.csv
1,SPEC_S1_6ch_both,50.0,1,gx,0.026498980943998694,750,C:\Projects\sense-pi-local-recording-live-main\param_sweep_data\dlpf1\SPEC_S1_6ch_both\50Hz\mpu_S1_2025-11-29_01-42-16.csv
1,SPEC_S1_6ch_both,50.0,1,gy,0.02833060984237253,750,C:\Projects\sense-pi-local-recording-live-main\param_sweep_data\dlpf1\SPEC_S1_6ch_both\50Hz\mpu_S1_2025-11-29_01-42-16.csv
1,SPEC_S1_6ch_both,50.0,1,gz,0.024079064147025517,750,C:\Projects\sense-pi-local-recording-live-main\param_sweep_data\dlpf1\SPEC_S1_6ch_both\50Hz\mpu_S1_2025-11-29_01-42-16.csv
